Region,År,datakalla,Variabel,Värde
Falkenberg,2000,historisk,Inrikes flyttnetto,-210
Falkenberg,2000,historisk,Inrikes inflyttade,1085
Falkenberg,2000,historisk,Inrikes utflyttade,1295
Falkenberg,2001,historisk,Inrikes flyttnetto,-214
Falkenberg,2001,historisk,Inrikes inflyttade,1188
Falkenberg,2001,historisk,Inrikes utflyttade,1402
Falkenberg,2002,historisk,Inrikes flyttnetto,93
Falkenberg,2002,historisk,Inrikes inflyttade,1257
Falkenberg,2002,historisk,Inrikes utflyttade,1164
Falkenberg,2003,historisk,Inrikes flyttnetto,139
Falkenberg,2003,historisk,Inrikes inflyttade,1206
Falkenberg,2003,historisk,Inrikes utflyttade,1067
Falkenberg,2004,historisk,Inrikes flyttnetto,110
Falkenberg,2004,historisk,Inrikes inflyttade,1232
Falkenberg,2004,historisk,Inrikes utflyttade,1122
Falkenberg,2005,historisk,Inrikes flyttnetto,101
Falkenberg,2005,historisk,Inrikes inflyttade,1236
Falkenberg,2005,historisk,Inrikes utflyttade,1135
Falkenberg,2006,historisk,Inrikes flyttnetto,11
Falkenberg,2006,historisk,Inrikes inflyttade,1262
Falkenberg,2006,historisk,Inrikes utflyttade,1251
Falkenberg,2007,historisk,Inrikes flyttnetto,93
Falkenberg,2007,historisk,Inrikes inflyttade,1346
Falkenberg,2007,historisk,Inrikes utflyttade,1253
Falkenberg,2008,historisk,Inrikes flyttnetto,23
Falkenberg,2008,historisk,Inrikes inflyttade,1276
Falkenberg,2008,historisk,Inrikes utflyttade,1253
Falkenberg,2009,historisk,Inrikes flyttnetto,87
Falkenberg,2009,historisk,Inrikes inflyttade,1291
Falkenberg,2009,historisk,Inrikes utflyttade,1204
Falkenberg,2010,historisk,Inrikes flyttnetto,152
Falkenberg,2010,historisk,Inrikes inflyttade,1241
Falkenberg,2010,historisk,Inrikes utflyttade,1089
Falkenberg,2011,historisk,Inrikes flyttnetto,154
Falkenberg,2011,historisk,Inrikes inflyttade,1323
Falkenberg,2011,historisk,Inrikes utflyttade,1169
Falkenberg,2012,historisk,Inrikes flyttnetto,59
Falkenberg,2012,historisk,Inrikes inflyttade,1380
Falkenberg,2012,historisk,Inrikes utflyttade,1321
Falkenberg,2013,historisk,Inrikes flyttnetto,135
Falkenberg,2013,historisk,Inrikes inflyttade,1495
Falkenberg,2013,historisk,Inrikes utflyttade,1360
Falkenberg,2014,historisk,Inrikes flyttnetto,108
Falkenberg,2014,historisk,Inrikes inflyttade,1609
Falkenberg,2014,historisk,Inrikes utflyttade,1501
Falkenberg,2015,historisk,Inrikes flyttnetto,43
Falkenberg,2015,historisk,Inrikes inflyttade,1544
Falkenberg,2015,historisk,Inrikes utflyttade,1501
Falkenberg,2016,historisk,Inrikes flyttnetto,-111
Falkenberg,2016,historisk,Inrikes inflyttade,1627
Falkenberg,2016,historisk,Inrikes utflyttade,1738
Falkenberg,2017,historisk,Inrikes flyttnetto,-98
Falkenberg,2017,historisk,Inrikes inflyttade,1797
Falkenberg,2017,historisk,Inrikes utflyttade,1895
Falkenberg,2018,historisk,Inrikes flyttnetto,240
Falkenberg,2018,historisk,Inrikes inflyttade,1800
Falkenberg,2018,historisk,Inrikes utflyttade,1560
Falkenberg,2019,historisk,Inrikes flyttnetto,361
Falkenberg,2019,historisk,Inrikes inflyttade,1857
Falkenberg,2019,historisk,Inrikes utflyttade,1496
Falkenberg,2020,historisk,Inrikes flyttnetto,433
Falkenberg,2020,historisk,Inrikes inflyttade,2014
Falkenberg,2020,historisk,Inrikes utflyttade,1581
Falkenberg,2021,historisk,Inrikes flyttnetto,467
Falkenberg,2021,historisk,Inrikes inflyttade,2113
Falkenberg,2021,historisk,Inrikes utflyttade,1646
Falkenberg,2022,historisk,Inrikes flyttnetto,148
Falkenberg,2022,historisk,Inrikes inflyttade,1877
Falkenberg,2022,historisk,Inrikes utflyttade,1729
Falkenberg,2023,historisk,Inrikes flyttnetto,135
Falkenberg,2023,historisk,Inrikes inflyttade,1688
Falkenberg,2023,historisk,Inrikes utflyttade,1553
Falkenberg,2024,historisk,Inrikes flyttnetto,151
Falkenberg,2024,historisk,Inrikes inflyttade,1668
Falkenberg,2024,historisk,Inrikes utflyttade,1517
Falkenberg,2025,historisk,Inrikes flyttnetto,72
Falkenberg,2025,historisk,Inrikes inflyttade,1611
Falkenberg,2025,historisk,Inrikes utflyttade,1539
Falkenberg,2026,prognos,Inrikes flyttnetto,231.90017758634258
Falkenberg,2026,prognos,Inrikes inflyttade,1783.6472110706982
Falkenberg,2026,prognos,Inrikes utflyttade,1551.7470334843556
Falkenberg,2027,prognos,Inrikes flyttnetto,227.52449301424804
Falkenberg,2027,prognos,Inrikes inflyttade,1782.3257477522593
Falkenberg,2027,prognos,Inrikes utflyttade,1554.8012547380113
Falkenberg,2028,prognos,Inrikes flyttnetto,221.33309175263912
Falkenberg,2028,prognos,Inrikes inflyttade,1781.2177386839185
Falkenberg,2028,prognos,Inrikes utflyttade,1559.8846469312793
Falkenberg,2029,prognos,Inrikes flyttnetto,217.44348040077512
Falkenberg,2029,prognos,Inrikes inflyttade,1782.9027133943805
Falkenberg,2029,prognos,Inrikes utflyttade,1565.4592329936054
Falkenberg,2030,prognos,Inrikes flyttnetto,217.19952896220843
Falkenberg,2030,prognos,Inrikes inflyttade,1789.0489077520501
Falkenberg,2030,prognos,Inrikes utflyttade,1571.8493787898417
Falkenberg,2031,prognos,Inrikes flyttnetto,215.32144960719006
Falkenberg,2031,prognos,Inrikes inflyttade,1795.8109646536468
Falkenberg,2031,prognos,Inrikes utflyttade,1580.4895150464567
Falkenberg,2032,prognos,Inrikes flyttnetto,214.88051896230718
Falkenberg,2032,prognos,Inrikes inflyttade,1802.901973478091
Falkenberg,2032,prognos,Inrikes utflyttade,1588.0214545157837
Falkenberg,2033,prognos,Inrikes flyttnetto,215.74660789211202
Falkenberg,2033,prognos,Inrikes inflyttade,1810.0545064102466
Falkenberg,2033,prognos,Inrikes utflyttade,1594.3078985181346
Falkenberg,2034,prognos,Inrikes flyttnetto,217.6361666436278
Falkenberg,2034,prognos,Inrikes inflyttade,1816.6207991896622
Falkenberg,2034,prognos,Inrikes utflyttade,1598.9846325460344
Falkenberg,2035,prognos,Inrikes flyttnetto,220.27746227389684
Falkenberg,2035,prognos,Inrikes inflyttade,1822.4899718629285
Falkenberg,2035,prognos,Inrikes utflyttade,1602.2125095890317
Falkenberg,2036,prognos,Inrikes flyttnetto,223.0225762664304
Falkenberg,2036,prognos,Inrikes inflyttade,1827.5772724053045
Falkenberg,2036,prognos,Inrikes utflyttade,1604.554696138874
Falkenberg,2037,prognos,Inrikes flyttnetto,225.6281575624812
Falkenberg,2037,prognos,Inrikes inflyttade,1831.9068670397628
Falkenberg,2037,prognos,Inrikes utflyttade,1606.2787094772816
Falkenberg,2038,prognos,Inrikes flyttnetto,228.5104270358854
Falkenberg,2038,prognos,Inrikes inflyttade,1835.5159869851443
Falkenberg,2038,prognos,Inrikes utflyttade,1607.005559949259
Falkenberg,2039,prognos,Inrikes flyttnetto,231.07857664581888
Falkenberg,2039,prognos,Inrikes inflyttade,1838.4760908009723
Falkenberg,2039,prognos,Inrikes utflyttade,1607.3975141551534
Falkenberg,2040,prognos,Inrikes flyttnetto,233.64907759900188
Falkenberg,2040,prognos,Inrikes inflyttade,1840.848865978529
Falkenberg,2040,prognos,Inrikes utflyttade,1607.199788379527
Hallands län,2000,historisk,Inrikes flyttnetto,1078
Hallands län,2000,historisk,Inrikes inflyttade,8348
Hallands län,2000,historisk,Inrikes utflyttade,7270
Hallands län,2001,historisk,Inrikes flyttnetto,844
Hallands län,2001,historisk,Inrikes inflyttade,8205
Hallands län,2001,historisk,Inrikes utflyttade,7361
Hallands län,2002,historisk,Inrikes flyttnetto,1131
Hallands län,2002,historisk,Inrikes inflyttade,8016
Hallands län,2002,historisk,Inrikes utflyttade,6885
Hallands län,2003,historisk,Inrikes flyttnetto,1745
Hallands län,2003,historisk,Inrikes inflyttade,8625
Hallands län,2003,historisk,Inrikes utflyttade,6880
Hallands län,2004,historisk,Inrikes flyttnetto,1350
Hallands län,2004,historisk,Inrikes inflyttade,8471
Hallands län,2004,historisk,Inrikes utflyttade,7121
Hallands län,2005,historisk,Inrikes flyttnetto,1180
Hallands län,2005,historisk,Inrikes inflyttade,8623
Hallands län,2005,historisk,Inrikes utflyttade,7443
Hallands län,2006,historisk,Inrikes flyttnetto,1457
Hallands län,2006,historisk,Inrikes inflyttade,8909
Hallands län,2006,historisk,Inrikes utflyttade,7452
Hallands län,2007,historisk,Inrikes flyttnetto,1085
Hallands län,2007,historisk,Inrikes inflyttade,8708
Hallands län,2007,historisk,Inrikes utflyttade,7623
Hallands län,2008,historisk,Inrikes flyttnetto,808
Hallands län,2008,historisk,Inrikes inflyttade,8467
Hallands län,2008,historisk,Inrikes utflyttade,7659
Hallands län,2009,historisk,Inrikes flyttnetto,1423
Hallands län,2009,historisk,Inrikes inflyttade,8709
Hallands län,2009,historisk,Inrikes utflyttade,7286
Hallands län,2010,historisk,Inrikes flyttnetto,1163
Hallands län,2010,historisk,Inrikes inflyttade,8551
Hallands län,2010,historisk,Inrikes utflyttade,7388
Hallands län,2011,historisk,Inrikes flyttnetto,1198
Hallands län,2011,historisk,Inrikes inflyttade,8902
Hallands län,2011,historisk,Inrikes utflyttade,7704
Hallands län,2012,historisk,Inrikes flyttnetto,1233
Hallands län,2012,historisk,Inrikes inflyttade,9132
Hallands län,2012,historisk,Inrikes utflyttade,7899
Hallands län,2013,historisk,Inrikes flyttnetto,972
Hallands län,2013,historisk,Inrikes inflyttade,9168
Hallands län,2013,historisk,Inrikes utflyttade,8196
Hallands län,2014,historisk,Inrikes flyttnetto,971
Hallands län,2014,historisk,Inrikes inflyttade,9634
Hallands län,2014,historisk,Inrikes utflyttade,8663
Hallands län,2015,historisk,Inrikes flyttnetto,1004
Hallands län,2015,historisk,Inrikes inflyttade,9719
Hallands län,2015,historisk,Inrikes utflyttade,8715
Hallands län,2016,historisk,Inrikes flyttnetto,1237
Hallands län,2016,historisk,Inrikes inflyttade,10187
Hallands län,2016,historisk,Inrikes utflyttade,8950
Hallands län,2017,historisk,Inrikes flyttnetto,1541
Hallands län,2017,historisk,Inrikes inflyttade,11039
Hallands län,2017,historisk,Inrikes utflyttade,9498
Hallands län,2018,historisk,Inrikes flyttnetto,1829
Hallands län,2018,historisk,Inrikes inflyttade,10950
Hallands län,2018,historisk,Inrikes utflyttade,9121
Hallands län,2019,historisk,Inrikes flyttnetto,1829
Hallands län,2019,historisk,Inrikes inflyttade,10802
Hallands län,2019,historisk,Inrikes utflyttade,8973
Hallands län,2020,historisk,Inrikes flyttnetto,1283
Hallands län,2020,historisk,Inrikes inflyttade,11069
Hallands län,2020,historisk,Inrikes utflyttade,9786
Hallands län,2021,historisk,Inrikes flyttnetto,1491
Hallands län,2021,historisk,Inrikes inflyttade,11607
Hallands län,2021,historisk,Inrikes utflyttade,10116
Hallands län,2022,historisk,Inrikes flyttnetto,1093
Hallands län,2022,historisk,Inrikes inflyttade,11232
Hallands län,2022,historisk,Inrikes utflyttade,10139
Hallands län,2023,historisk,Inrikes flyttnetto,529
Hallands län,2023,historisk,Inrikes inflyttade,10390
Hallands län,2023,historisk,Inrikes utflyttade,9861
Hallands län,2024,historisk,Inrikes flyttnetto,685
Hallands län,2024,historisk,Inrikes inflyttade,10350
Hallands län,2024,historisk,Inrikes utflyttade,9665
Hallands län,2025,historisk,Inrikes flyttnetto,865
Hallands län,2025,historisk,Inrikes inflyttade,10613
Hallands län,2025,historisk,Inrikes utflyttade,9748
Hallands län,2026,prognos,Inrikes flyttnetto,1040.9278666105765
Hallands län,2026,prognos,Inrikes inflyttade,10679.126110796991
Hallands län,2026,prognos,Inrikes utflyttade,9638.198244186415
Hallands län,2027,prognos,Inrikes flyttnetto,969.1338931890095
Hallands län,2027,prognos,Inrikes inflyttade,10756.768893337581
Hallands län,2027,prognos,Inrikes utflyttade,9787.635000148572
Hallands län,2028,prognos,Inrikes flyttnetto,900.4751085907865
Hallands län,2028,prognos,Inrikes inflyttade,10745.90361056337
Hallands län,2028,prognos,Inrikes utflyttade,9845.428501972583
Hallands län,2029,prognos,Inrikes flyttnetto,869.0593194086869
Hallands län,2029,prognos,Inrikes inflyttade,10756.804440223765
Hallands län,2029,prognos,Inrikes utflyttade,9887.745120815078
Hallands län,2030,prognos,Inrikes flyttnetto,877.2523394987675
Hallands län,2030,prognos,Inrikes inflyttade,10801.456962121683
Hallands län,2030,prognos,Inrikes utflyttade,9924.204622622916
Hallands län,2031,prognos,Inrikes flyttnetto,873.6672866228819
Hallands län,2031,prognos,Inrikes inflyttade,10848.364246600911
Hallands län,2031,prognos,Inrikes utflyttade,9974.69695997803
Hallands län,2032,prognos,Inrikes flyttnetto,879.5937392337473
Hallands län,2032,prognos,Inrikes inflyttade,10897.528460435831
Hallands län,2032,prognos,Inrikes utflyttade,10017.934721202084
Hallands län,2033,prognos,Inrikes flyttnetto,893.1527781645127
Hallands län,2033,prognos,Inrikes inflyttade,10946.529982194825
Hallands län,2033,prognos,Inrikes utflyttade,10053.377204030312
Hallands län,2034,prognos,Inrikes flyttnetto,911.5053353638723
Hallands län,2034,prognos,Inrikes inflyttade,10990.341074365428
Hallands län,2034,prognos,Inrikes utflyttade,10078.835739001555
Hallands län,2035,prognos,Inrikes flyttnetto,933.9353087524432
Hallands län,2035,prognos,Inrikes inflyttade,11028.491682676628
Hallands län,2035,prognos,Inrikes utflyttade,10094.556373924184
Hallands län,2036,prognos,Inrikes flyttnetto,957.8303357259229
Hallands län,2036,prognos,Inrikes inflyttade,11060.16668507905
Hallands län,2036,prognos,Inrikes utflyttade,10102.336349353127
Hallands län,2037,prognos,Inrikes flyttnetto,980.5739722040234
Hallands län,2037,prognos,Inrikes inflyttade,11085.295026475691
Hallands län,2037,prognos,Inrikes utflyttade,10104.721054271668
Hallands län,2038,prognos,Inrikes flyttnetto,1003.4443942908001
Hallands län,2038,prognos,Inrikes inflyttade,11104.8139655893
Hallands län,2038,prognos,Inrikes utflyttade,10101.369571298499
Hallands län,2039,prognos,Inrikes flyttnetto,1026.1213133360834
Hallands län,2039,prognos,Inrikes inflyttade,11119.160015155347
Hallands län,2039,prognos,Inrikes utflyttade,10093.038701819263
Hallands län,2040,prognos,Inrikes flyttnetto,1050.214774024882
Hallands län,2040,prognos,Inrikes inflyttade,11129.004441716766
Hallands län,2040,prognos,Inrikes utflyttade,10078.789667691884
Halmstad,2000,historisk,Inrikes flyttnetto,399
Halmstad,2000,historisk,Inrikes inflyttade,3517
Halmstad,2000,historisk,Inrikes utflyttade,3118
Halmstad,2001,historisk,Inrikes flyttnetto,460
Halmstad,2001,historisk,Inrikes inflyttade,3573
Halmstad,2001,historisk,Inrikes utflyttade,3113
Halmstad,2002,historisk,Inrikes flyttnetto,677
Halmstad,2002,historisk,Inrikes inflyttade,3560
Halmstad,2002,historisk,Inrikes utflyttade,2883
Halmstad,2003,historisk,Inrikes flyttnetto,444
Halmstad,2003,historisk,Inrikes inflyttade,3532
Halmstad,2003,historisk,Inrikes utflyttade,3088
Halmstad,2004,historisk,Inrikes flyttnetto,216
Halmstad,2004,historisk,Inrikes inflyttade,3426
Halmstad,2004,historisk,Inrikes utflyttade,3210
Halmstad,2005,historisk,Inrikes flyttnetto,83
Halmstad,2005,historisk,Inrikes inflyttade,3501
Halmstad,2005,historisk,Inrikes utflyttade,3418
Halmstad,2006,historisk,Inrikes flyttnetto,236
Halmstad,2006,historisk,Inrikes inflyttade,3600
Halmstad,2006,historisk,Inrikes utflyttade,3364
Halmstad,2007,historisk,Inrikes flyttnetto,211
Halmstad,2007,historisk,Inrikes inflyttade,3494
Halmstad,2007,historisk,Inrikes utflyttade,3283
Halmstad,2008,historisk,Inrikes flyttnetto,100
Halmstad,2008,historisk,Inrikes inflyttade,3425
Halmstad,2008,historisk,Inrikes utflyttade,3325
Halmstad,2009,historisk,Inrikes flyttnetto,206
Halmstad,2009,historisk,Inrikes inflyttade,3455
Halmstad,2009,historisk,Inrikes utflyttade,3249
Halmstad,2010,historisk,Inrikes flyttnetto,185
Halmstad,2010,historisk,Inrikes inflyttade,3421
Halmstad,2010,historisk,Inrikes utflyttade,3236
Halmstad,2011,historisk,Inrikes flyttnetto,162
Halmstad,2011,historisk,Inrikes inflyttade,3539
Halmstad,2011,historisk,Inrikes utflyttade,3377
Halmstad,2012,historisk,Inrikes flyttnetto,465
Halmstad,2012,historisk,Inrikes inflyttade,3779
Halmstad,2012,historisk,Inrikes utflyttade,3314
Halmstad,2013,historisk,Inrikes flyttnetto,305
Halmstad,2013,historisk,Inrikes inflyttade,3796
Halmstad,2013,historisk,Inrikes utflyttade,3491
Halmstad,2014,historisk,Inrikes flyttnetto,280
Halmstad,2014,historisk,Inrikes inflyttade,3949
Halmstad,2014,historisk,Inrikes utflyttade,3669
Halmstad,2015,historisk,Inrikes flyttnetto,268
Halmstad,2015,historisk,Inrikes inflyttade,4010
Halmstad,2015,historisk,Inrikes utflyttade,3742
Halmstad,2016,historisk,Inrikes flyttnetto,147
Halmstad,2016,historisk,Inrikes inflyttade,4050
Halmstad,2016,historisk,Inrikes utflyttade,3903
Halmstad,2017,historisk,Inrikes flyttnetto,-24
Halmstad,2017,historisk,Inrikes inflyttade,4192
Halmstad,2017,historisk,Inrikes utflyttade,4216
Halmstad,2018,historisk,Inrikes flyttnetto,353
Halmstad,2018,historisk,Inrikes inflyttade,4335
Halmstad,2018,historisk,Inrikes utflyttade,3982
Halmstad,2019,historisk,Inrikes flyttnetto,379
Halmstad,2019,historisk,Inrikes inflyttade,4400
Halmstad,2019,historisk,Inrikes utflyttade,4021
Halmstad,2020,historisk,Inrikes flyttnetto,332
Halmstad,2020,historisk,Inrikes inflyttade,4692
Halmstad,2020,historisk,Inrikes utflyttade,4360
Halmstad,2021,historisk,Inrikes flyttnetto,-15
Halmstad,2021,historisk,Inrikes inflyttade,4552
Halmstad,2021,historisk,Inrikes utflyttade,4567
Halmstad,2022,historisk,Inrikes flyttnetto,-74
Halmstad,2022,historisk,Inrikes inflyttade,4668
Halmstad,2022,historisk,Inrikes utflyttade,4742
Halmstad,2023,historisk,Inrikes flyttnetto,257
Halmstad,2023,historisk,Inrikes inflyttade,4641
Halmstad,2023,historisk,Inrikes utflyttade,4384
Halmstad,2024,historisk,Inrikes flyttnetto,71
Halmstad,2024,historisk,Inrikes inflyttade,4389
Halmstad,2024,historisk,Inrikes utflyttade,4318
Halmstad,2025,historisk,Inrikes flyttnetto,50
Halmstad,2025,historisk,Inrikes inflyttade,4391
Halmstad,2025,historisk,Inrikes utflyttade,4341
Halmstad,2026,prognos,Inrikes flyttnetto,130.49076893894926
Halmstad,2026,prognos,Inrikes inflyttade,4510.882028339553
Halmstad,2026,prognos,Inrikes utflyttade,4380.391259400603
Halmstad,2027,prognos,Inrikes flyttnetto,110.2445147933222
Halmstad,2027,prognos,Inrikes inflyttade,4518.404725389752
Halmstad,2027,prognos,Inrikes utflyttade,4408.160210596429
Halmstad,2028,prognos,Inrikes flyttnetto,94.61960196957989
Halmstad,2028,prognos,Inrikes inflyttade,4525.97508578909
Halmstad,2028,prognos,Inrikes utflyttade,4431.3554838195105
Halmstad,2029,prognos,Inrikes flyttnetto,91.98053272634024
Halmstad,2029,prognos,Inrikes inflyttade,4540.079434931366
Halmstad,2029,prognos,Inrikes utflyttade,4448.098902205026
Halmstad,2030,prognos,Inrikes flyttnetto,98.63069835965689
Halmstad,2030,prognos,Inrikes inflyttade,4564.834243948455
Halmstad,2030,prognos,Inrikes utflyttade,4466.203545588798
Halmstad,2031,prognos,Inrikes flyttnetto,92.72824542307353
Halmstad,2031,prognos,Inrikes inflyttade,4588.3498071386675
Halmstad,2031,prognos,Inrikes utflyttade,4495.621561715594
Halmstad,2032,prognos,Inrikes flyttnetto,83.9495070210196
Halmstad,2032,prognos,Inrikes inflyttade,4609.443261118607
Halmstad,2032,prognos,Inrikes utflyttade,4525.493754097587
Halmstad,2033,prognos,Inrikes flyttnetto,72.23289322947676
Halmstad,2033,prognos,Inrikes inflyttade,4627.257573250001
Halmstad,2033,prognos,Inrikes utflyttade,4555.024680020524
Halmstad,2034,prognos,Inrikes flyttnetto,58.99540069970317
Halmstad,2034,prognos,Inrikes inflyttade,4640.436663818369
Halmstad,2034,prognos,Inrikes utflyttade,4581.441263118666
Halmstad,2035,prognos,Inrikes flyttnetto,46.79058908432671
Halmstad,2035,prognos,Inrikes inflyttade,4648.976644402732
Halmstad,2035,prognos,Inrikes utflyttade,4602.186055318405
Halmstad,2036,prognos,Inrikes flyttnetto,36.0206522355038
Halmstad,2036,prognos,Inrikes inflyttade,4653.101264272253
Halmstad,2036,prognos,Inrikes utflyttade,4617.080612036749
Halmstad,2037,prognos,Inrikes flyttnetto,26.714807565584124
Halmstad,2037,prognos,Inrikes inflyttade,4653.217812823383
Halmstad,2037,prognos,Inrikes utflyttade,4626.503005257799
Halmstad,2038,prognos,Inrikes flyttnetto,18.867381123035557
Halmstad,2038,prognos,Inrikes inflyttade,4649.6835633435585
Halmstad,2038,prognos,Inrikes utflyttade,4630.816182220523
Halmstad,2039,prognos,Inrikes flyttnetto,11.953712779260968
Halmstad,2039,prognos,Inrikes inflyttade,4642.871262266162
Halmstad,2039,prognos,Inrikes utflyttade,4630.917549486901
Halmstad,2040,prognos,Inrikes flyttnetto,6.328003877880292
Halmstad,2040,prognos,Inrikes inflyttade,4633.12568111292
Halmstad,2040,prognos,Inrikes utflyttade,4626.797677235039
Hylte,2000,historisk,Inrikes flyttnetto,-35
Hylte,2000,historisk,Inrikes inflyttade,375
Hylte,2000,historisk,Inrikes utflyttade,410
Hylte,2001,historisk,Inrikes flyttnetto,-91
Hylte,2001,historisk,Inrikes inflyttade,366
Hylte,2001,historisk,Inrikes utflyttade,457
Hylte,2002,historisk,Inrikes flyttnetto,-86
Hylte,2002,historisk,Inrikes inflyttade,345
Hylte,2002,historisk,Inrikes utflyttade,431
Hylte,2003,historisk,Inrikes flyttnetto,-51
Hylte,2003,historisk,Inrikes inflyttade,404
Hylte,2003,historisk,Inrikes utflyttade,455
Hylte,2004,historisk,Inrikes flyttnetto,-22
Hylte,2004,historisk,Inrikes inflyttade,393
Hylte,2004,historisk,Inrikes utflyttade,415
Hylte,2005,historisk,Inrikes flyttnetto,-108
Hylte,2005,historisk,Inrikes inflyttade,344
Hylte,2005,historisk,Inrikes utflyttade,452
Hylte,2006,historisk,Inrikes flyttnetto,-132
Hylte,2006,historisk,Inrikes inflyttade,369
Hylte,2006,historisk,Inrikes utflyttade,501
Hylte,2007,historisk,Inrikes flyttnetto,-239
Hylte,2007,historisk,Inrikes inflyttade,350
Hylte,2007,historisk,Inrikes utflyttade,589
Hylte,2008,historisk,Inrikes flyttnetto,-70
Hylte,2008,historisk,Inrikes inflyttade,383
Hylte,2008,historisk,Inrikes utflyttade,453
Hylte,2009,historisk,Inrikes flyttnetto,-105
Hylte,2009,historisk,Inrikes inflyttade,356
Hylte,2009,historisk,Inrikes utflyttade,461
Hylte,2010,historisk,Inrikes flyttnetto,-143
Hylte,2010,historisk,Inrikes inflyttade,364
Hylte,2010,historisk,Inrikes utflyttade,507
Hylte,2011,historisk,Inrikes flyttnetto,-105
Hylte,2011,historisk,Inrikes inflyttade,390
Hylte,2011,historisk,Inrikes utflyttade,495
Hylte,2012,historisk,Inrikes flyttnetto,-149
Hylte,2012,historisk,Inrikes inflyttade,391
Hylte,2012,historisk,Inrikes utflyttade,540
Hylte,2013,historisk,Inrikes flyttnetto,-153
Hylte,2013,historisk,Inrikes inflyttade,398
Hylte,2013,historisk,Inrikes utflyttade,551
Hylte,2014,historisk,Inrikes flyttnetto,-34
Hylte,2014,historisk,Inrikes inflyttade,578
Hylte,2014,historisk,Inrikes utflyttade,612
Hylte,2015,historisk,Inrikes flyttnetto,-230
Hylte,2015,historisk,Inrikes inflyttade,542
Hylte,2015,historisk,Inrikes utflyttade,772
Hylte,2016,historisk,Inrikes flyttnetto,-179
Hylte,2016,historisk,Inrikes inflyttade,562
Hylte,2016,historisk,Inrikes utflyttade,741
Hylte,2017,historisk,Inrikes flyttnetto,-276
Hylte,2017,historisk,Inrikes inflyttade,574
Hylte,2017,historisk,Inrikes utflyttade,850
Hylte,2018,historisk,Inrikes flyttnetto,-277
Hylte,2018,historisk,Inrikes inflyttade,495
Hylte,2018,historisk,Inrikes utflyttade,772
Hylte,2019,historisk,Inrikes flyttnetto,-186
Hylte,2019,historisk,Inrikes inflyttade,511
Hylte,2019,historisk,Inrikes utflyttade,697
Hylte,2020,historisk,Inrikes flyttnetto,-214
Hylte,2020,historisk,Inrikes inflyttade,592
Hylte,2020,historisk,Inrikes utflyttade,806
Hylte,2021,historisk,Inrikes flyttnetto,-101
Hylte,2021,historisk,Inrikes inflyttade,549
Hylte,2021,historisk,Inrikes utflyttade,650
Hylte,2022,historisk,Inrikes flyttnetto,-191
Hylte,2022,historisk,Inrikes inflyttade,493
Hylte,2022,historisk,Inrikes utflyttade,684
Hylte,2023,historisk,Inrikes flyttnetto,-121
Hylte,2023,historisk,Inrikes inflyttade,464
Hylte,2023,historisk,Inrikes utflyttade,585
Hylte,2024,historisk,Inrikes flyttnetto,-88
Hylte,2024,historisk,Inrikes inflyttade,440
Hylte,2024,historisk,Inrikes utflyttade,528
Hylte,2025,historisk,Inrikes flyttnetto,-105
Hylte,2025,historisk,Inrikes inflyttade,406
Hylte,2025,historisk,Inrikes utflyttade,511
Hylte,2026,prognos,Inrikes flyttnetto,-112.48741331554675
Hylte,2026,prognos,Inrikes inflyttade,479.11143864732026
Hylte,2026,prognos,Inrikes utflyttade,591.598851962867
Hylte,2027,prognos,Inrikes flyttnetto,-106.48951438441094
Hylte,2027,prognos,Inrikes inflyttade,478.5576881925097
Hylte,2027,prognos,Inrikes utflyttade,585.0472025769207
Hylte,2028,prognos,Inrikes flyttnetto,-99.8946065933917
Hylte,2028,prognos,Inrikes inflyttade,477.90948332127823
Hylte,2028,prognos,Inrikes utflyttade,577.8040899146699
Hylte,2029,prognos,Inrikes flyttnetto,-92.45021094435202
Hylte,2029,prognos,Inrikes inflyttade,477.8794167233286
Hylte,2029,prognos,Inrikes utflyttade,570.3296276676806
Hylte,2030,prognos,Inrikes flyttnetto,-84.53797572062393
Hylte,2030,prognos,Inrikes inflyttade,478.94280834101113
Hylte,2030,prognos,Inrikes utflyttade,563.4807840616351
Hylte,2031,prognos,Inrikes flyttnetto,-78.12995656790406
Hylte,2031,prognos,Inrikes inflyttade,480.0862223234561
Hylte,2031,prognos,Inrikes utflyttade,558.2161788913602
Hylte,2032,prognos,Inrikes flyttnetto,-72.46162107937505
Hylte,2032,prognos,Inrikes inflyttade,481.26423388552723
Hylte,2032,prognos,Inrikes utflyttade,553.7258549649023
Hylte,2033,prognos,Inrikes flyttnetto,-67.02454944010151
Hylte,2033,prognos,Inrikes inflyttade,482.4363572405259
Hylte,2033,prognos,Inrikes utflyttade,549.4609066806274
Hylte,2034,prognos,Inrikes flyttnetto,-62.02180464285226
Hylte,2034,prognos,Inrikes inflyttade,483.44722018421106
Hylte,2034,prognos,Inrikes utflyttade,545.4690248270633
Hylte,2035,prognos,Inrikes flyttnetto,-57.400843879567105
Hylte,2035,prognos,Inrikes inflyttade,484.299366143263
Hylte,2035,prognos,Inrikes utflyttade,541.7002100228301
Hylte,2036,prognos,Inrikes flyttnetto,-52.756049383381594
Hylte,2036,prognos,Inrikes inflyttade,484.99107745924874
Hylte,2036,prognos,Inrikes utflyttade,537.7471268426303
Hylte,2037,prognos,Inrikes flyttnetto,-48.569768205677406
Hylte,2037,prognos,Inrikes inflyttade,485.54244469026514
Hylte,2037,prognos,Inrikes utflyttade,534.1122128959425
Hylte,2038,prognos,Inrikes flyttnetto,-44.798611186861876
Hylte,2038,prognos,Inrikes inflyttade,485.970100874638
Hylte,2038,prognos,Inrikes utflyttade,530.7687120614999
Hylte,2039,prognos,Inrikes flyttnetto,-41.27026847404608
Hylte,2039,prognos,Inrikes inflyttade,486.2989791593698
Hylte,2039,prognos,Inrikes utflyttade,527.5692476334159
Hylte,2040,prognos,Inrikes flyttnetto,-37.806794571193905
Hylte,2040,prognos,Inrikes inflyttade,486.5522174128372
Hylte,2040,prognos,Inrikes utflyttade,524.3590119840311
Kungsbacka,2000,historisk,Inrikes flyttnetto,699
Kungsbacka,2000,historisk,Inrikes inflyttade,2854
Kungsbacka,2000,historisk,Inrikes utflyttade,2155
Kungsbacka,2001,historisk,Inrikes flyttnetto,325
Kungsbacka,2001,historisk,Inrikes inflyttade,2538
Kungsbacka,2001,historisk,Inrikes utflyttade,2213
Kungsbacka,2002,historisk,Inrikes flyttnetto,229
Kungsbacka,2002,historisk,Inrikes inflyttade,2393
Kungsbacka,2002,historisk,Inrikes utflyttade,2164
Kungsbacka,2003,historisk,Inrikes flyttnetto,644
Kungsbacka,2003,historisk,Inrikes inflyttade,2717
Kungsbacka,2003,historisk,Inrikes utflyttade,2073
Kungsbacka,2004,historisk,Inrikes flyttnetto,639
Kungsbacka,2004,historisk,Inrikes inflyttade,2830
Kungsbacka,2004,historisk,Inrikes utflyttade,2191
Kungsbacka,2005,historisk,Inrikes flyttnetto,721
Kungsbacka,2005,historisk,Inrikes inflyttade,3022
Kungsbacka,2005,historisk,Inrikes utflyttade,2301
Kungsbacka,2006,historisk,Inrikes flyttnetto,768
Kungsbacka,2006,historisk,Inrikes inflyttade,2958
Kungsbacka,2006,historisk,Inrikes utflyttade,2190
Kungsbacka,2007,historisk,Inrikes flyttnetto,578
Kungsbacka,2007,historisk,Inrikes inflyttade,2903
Kungsbacka,2007,historisk,Inrikes utflyttade,2325
Kungsbacka,2008,historisk,Inrikes flyttnetto,398
Kungsbacka,2008,historisk,Inrikes inflyttade,2829
Kungsbacka,2008,historisk,Inrikes utflyttade,2431
Kungsbacka,2009,historisk,Inrikes flyttnetto,759
Kungsbacka,2009,historisk,Inrikes inflyttade,3046
Kungsbacka,2009,historisk,Inrikes utflyttade,2287
Kungsbacka,2010,historisk,Inrikes flyttnetto,635
Kungsbacka,2010,historisk,Inrikes inflyttade,2980
Kungsbacka,2010,historisk,Inrikes utflyttade,2345
Kungsbacka,2011,historisk,Inrikes flyttnetto,629
Kungsbacka,2011,historisk,Inrikes inflyttade,3158
Kungsbacka,2011,historisk,Inrikes utflyttade,2529
Kungsbacka,2012,historisk,Inrikes flyttnetto,515
Kungsbacka,2012,historisk,Inrikes inflyttade,3140
Kungsbacka,2012,historisk,Inrikes utflyttade,2625
Kungsbacka,2013,historisk,Inrikes flyttnetto,350
Kungsbacka,2013,historisk,Inrikes inflyttade,3129
Kungsbacka,2013,historisk,Inrikes utflyttade,2779
Kungsbacka,2014,historisk,Inrikes flyttnetto,456
Kungsbacka,2014,historisk,Inrikes inflyttade,3241
Kungsbacka,2014,historisk,Inrikes utflyttade,2785
Kungsbacka,2015,historisk,Inrikes flyttnetto,601
Kungsbacka,2015,historisk,Inrikes inflyttade,3407
Kungsbacka,2015,historisk,Inrikes utflyttade,2806
Kungsbacka,2016,historisk,Inrikes flyttnetto,914
Kungsbacka,2016,historisk,Inrikes inflyttade,3685
Kungsbacka,2016,historisk,Inrikes utflyttade,2771
Kungsbacka,2017,historisk,Inrikes flyttnetto,1172
Kungsbacka,2017,historisk,Inrikes inflyttade,4179
Kungsbacka,2017,historisk,Inrikes utflyttade,3007
Kungsbacka,2018,historisk,Inrikes flyttnetto,772
Kungsbacka,2018,historisk,Inrikes inflyttade,3937
Kungsbacka,2018,historisk,Inrikes utflyttade,3165
Kungsbacka,2019,historisk,Inrikes flyttnetto,478
Kungsbacka,2019,historisk,Inrikes inflyttade,3721
Kungsbacka,2019,historisk,Inrikes utflyttade,3243
Kungsbacka,2020,historisk,Inrikes flyttnetto,159
Kungsbacka,2020,historisk,Inrikes inflyttade,3593
Kungsbacka,2020,historisk,Inrikes utflyttade,3434
Kungsbacka,2021,historisk,Inrikes flyttnetto,67
Kungsbacka,2021,historisk,Inrikes inflyttade,3640
Kungsbacka,2021,historisk,Inrikes utflyttade,3573
Kungsbacka,2022,historisk,Inrikes flyttnetto,147
Kungsbacka,2022,historisk,Inrikes inflyttade,3523
Kungsbacka,2022,historisk,Inrikes utflyttade,3376
Kungsbacka,2023,historisk,Inrikes flyttnetto,-174
Kungsbacka,2023,historisk,Inrikes inflyttade,3287
Kungsbacka,2023,historisk,Inrikes utflyttade,3461
Kungsbacka,2024,historisk,Inrikes flyttnetto,-91
Kungsbacka,2024,historisk,Inrikes inflyttade,3371
Kungsbacka,2024,historisk,Inrikes utflyttade,3462
Kungsbacka,2025,historisk,Inrikes flyttnetto,479
Kungsbacka,2025,historisk,Inrikes inflyttade,3660
Kungsbacka,2025,historisk,Inrikes utflyttade,3181
Kungsbacka,2026,prognos,Inrikes flyttnetto,137.06725464815418
Kungsbacka,2026,prognos,Inrikes inflyttade,3522.6375390873377
Kungsbacka,2026,prognos,Inrikes utflyttade,3385.5702844391835
Kungsbacka,2027,prognos,Inrikes flyttnetto,107.38130594752465
Kungsbacka,2027,prognos,Inrikes inflyttade,3512.0982629253044
Kungsbacka,2027,prognos,Inrikes utflyttade,3404.71695697778
Kungsbacka,2028,prognos,Inrikes flyttnetto,77.01339838533522
Kungsbacka,2028,prognos,Inrikes inflyttade,3502.2066801965457
Kungsbacka,2028,prognos,Inrikes utflyttade,3425.1932818112105
Kungsbacka,2029,prognos,Inrikes flyttnetto,59.65047426423007
Kungsbacka,2029,prognos,Inrikes inflyttade,3498.9489717864753
Kungsbacka,2029,prognos,Inrikes utflyttade,3439.2984975222453
Kungsbacka,2030,prognos,Inrikes flyttnetto,59.36048726970603
Kungsbacka,2030,prognos,Inrikes inflyttade,3506.335341140718
Kungsbacka,2030,prognos,Inrikes utflyttade,3446.974853871012
Kungsbacka,2031,prognos,Inrikes flyttnetto,64.4017712472014
Kungsbacka,2031,prognos,Inrikes inflyttade,3516.4453190027907
Kungsbacka,2031,prognos,Inrikes utflyttade,3452.0435477555893
Kungsbacka,2032,prognos,Inrikes flyttnetto,78.08827580198385
Kungsbacka,2032,prognos,Inrikes inflyttade,3528.798367876826
Kungsbacka,2032,prognos,Inrikes utflyttade,3450.710092074842
Kungsbacka,2033,prognos,Inrikes flyttnetto,98.79634984250151
Kungsbacka,2033,prognos,Inrikes inflyttade,3542.874247709293
Kungsbacka,2033,prognos,Inrikes utflyttade,3444.0778978667913
Kungsbacka,2034,prognos,Inrikes flyttnetto,123.62240541364645
Kungsbacka,2034,prognos,Inrikes inflyttade,3557.030733082066
Kungsbacka,2034,prognos,Inrikes utflyttade,3433.4083276684196
Kungsbacka,2035,prognos,Inrikes flyttnetto,149.60106930623124
Kungsbacka,2035,prognos,Inrikes inflyttade,3570.8474263053386
Kungsbacka,2035,prognos,Inrikes utflyttade,3421.2463569991073
Kungsbacka,2036,prognos,Inrikes flyttnetto,174.60086829182728
Kungsbacka,2036,prognos,Inrikes inflyttade,3583.930108497835
Kungsbacka,2036,prognos,Inrikes utflyttade,3409.329240206008
Kungsbacka,2037,prognos,Inrikes flyttnetto,197.1064160115784
Kungsbacka,2037,prognos,Inrikes inflyttade,3596.160182053153
Kungsbacka,2037,prognos,Inrikes utflyttade,3399.053766041575
Kungsbacka,2038,prognos,Inrikes flyttnetto,217.97107210922832
Kungsbacka,2038,prognos,Inrikes inflyttade,3607.457577189071
Kungsbacka,2038,prognos,Inrikes utflyttade,3389.4865050798426
Kungsbacka,2039,prognos,Inrikes flyttnetto,237.63486183844725
Kungsbacka,2039,prognos,Inrikes inflyttade,3617.807249914923
Kungsbacka,2039,prognos,Inrikes utflyttade,3380.1723880764757
Kungsbacka,2040,prognos,Inrikes flyttnetto,256.99711654503744
Kungsbacka,2040,prognos,Inrikes inflyttade,3627.1756198728735
Kungsbacka,2040,prognos,Inrikes utflyttade,3370.178503327836
Laholm,2000,historisk,Inrikes flyttnetto,56
Laholm,2000,historisk,Inrikes inflyttade,884
Laholm,2000,historisk,Inrikes utflyttade,828
Laholm,2001,historisk,Inrikes flyttnetto,14
Laholm,2001,historisk,Inrikes inflyttade,895
Laholm,2001,historisk,Inrikes utflyttade,881
Laholm,2002,historisk,Inrikes flyttnetto,3
Laholm,2002,historisk,Inrikes inflyttade,866
Laholm,2002,historisk,Inrikes utflyttade,863
Laholm,2003,historisk,Inrikes flyttnetto,161
Laholm,2003,historisk,Inrikes inflyttade,912
Laholm,2003,historisk,Inrikes utflyttade,751
Laholm,2004,historisk,Inrikes flyttnetto,57
Laholm,2004,historisk,Inrikes inflyttade,873
Laholm,2004,historisk,Inrikes utflyttade,816
Laholm,2005,historisk,Inrikes flyttnetto,44
Laholm,2005,historisk,Inrikes inflyttade,866
Laholm,2005,historisk,Inrikes utflyttade,822
Laholm,2006,historisk,Inrikes flyttnetto,83
Laholm,2006,historisk,Inrikes inflyttade,992
Laholm,2006,historisk,Inrikes utflyttade,909
Laholm,2007,historisk,Inrikes flyttnetto,-33
Laholm,2007,historisk,Inrikes inflyttade,886
Laholm,2007,historisk,Inrikes utflyttade,919
Laholm,2008,historisk,Inrikes flyttnetto,35
Laholm,2008,historisk,Inrikes inflyttade,976
Laholm,2008,historisk,Inrikes utflyttade,941
Laholm,2009,historisk,Inrikes flyttnetto,72
Laholm,2009,historisk,Inrikes inflyttade,966
Laholm,2009,historisk,Inrikes utflyttade,894
Laholm,2010,historisk,Inrikes flyttnetto,-6
Laholm,2010,historisk,Inrikes inflyttade,889
Laholm,2010,historisk,Inrikes utflyttade,895
Laholm,2011,historisk,Inrikes flyttnetto,90
Laholm,2011,historisk,Inrikes inflyttade,1026
Laholm,2011,historisk,Inrikes utflyttade,936
Laholm,2012,historisk,Inrikes flyttnetto,-37
Laholm,2012,historisk,Inrikes inflyttade,932
Laholm,2012,historisk,Inrikes utflyttade,969
Laholm,2013,historisk,Inrikes flyttnetto,5
Laholm,2013,historisk,Inrikes inflyttade,972
Laholm,2013,historisk,Inrikes utflyttade,967
Laholm,2014,historisk,Inrikes flyttnetto,146
Laholm,2014,historisk,Inrikes inflyttade,1161
Laholm,2014,historisk,Inrikes utflyttade,1015
Laholm,2015,historisk,Inrikes flyttnetto,179
Laholm,2015,historisk,Inrikes inflyttade,1153
Laholm,2015,historisk,Inrikes utflyttade,974
Laholm,2016,historisk,Inrikes flyttnetto,182
Laholm,2016,historisk,Inrikes inflyttade,1189
Laholm,2016,historisk,Inrikes utflyttade,1007
Laholm,2017,historisk,Inrikes flyttnetto,258
Laholm,2017,historisk,Inrikes inflyttade,1354
Laholm,2017,historisk,Inrikes utflyttade,1096
Laholm,2018,historisk,Inrikes flyttnetto,183
Laholm,2018,historisk,Inrikes inflyttade,1282
Laholm,2018,historisk,Inrikes utflyttade,1099
Laholm,2019,historisk,Inrikes flyttnetto,276
Laholm,2019,historisk,Inrikes inflyttade,1369
Laholm,2019,historisk,Inrikes utflyttade,1093
Laholm,2020,historisk,Inrikes flyttnetto,21
Laholm,2020,historisk,Inrikes inflyttade,1322
Laholm,2020,historisk,Inrikes utflyttade,1301
Laholm,2021,historisk,Inrikes flyttnetto,187
Laholm,2021,historisk,Inrikes inflyttade,1391
Laholm,2021,historisk,Inrikes utflyttade,1204
Laholm,2022,historisk,Inrikes flyttnetto,197
Laholm,2022,historisk,Inrikes inflyttade,1438
Laholm,2022,historisk,Inrikes utflyttade,1241
Laholm,2023,historisk,Inrikes flyttnetto,15
Laholm,2023,historisk,Inrikes inflyttade,1321
Laholm,2023,historisk,Inrikes utflyttade,1306
Laholm,2024,historisk,Inrikes flyttnetto,74
Laholm,2024,historisk,Inrikes inflyttade,1240
Laholm,2024,historisk,Inrikes utflyttade,1166
Laholm,2025,historisk,Inrikes flyttnetto,27
Laholm,2025,historisk,Inrikes inflyttade,1157
Laholm,2025,historisk,Inrikes utflyttade,1130
Laholm,2026,prognos,Inrikes flyttnetto,115.1709750860332
Laholm,2026,prognos,Inrikes inflyttade,1295.0013153162486
Laholm,2026,prognos,Inrikes utflyttade,1179.8303402302154
Laholm,2027,prognos,Inrikes flyttnetto,111.44201034810635
Laholm,2027,prognos,Inrikes inflyttade,1293.4619693967534
Laholm,2027,prognos,Inrikes utflyttade,1182.019959048647
Laholm,2028,prognos,Inrikes flyttnetto,107.71935246735302
Laholm,2028,prognos,Inrikes inflyttade,1292.0142933199886
Laholm,2028,prognos,Inrikes utflyttade,1184.2949408526356
Laholm,2029,prognos,Inrikes flyttnetto,106.62476430113361
Laholm,2029,prognos,Inrikes inflyttade,1292.5312494992424
Laholm,2029,prognos,Inrikes utflyttade,1185.9064851981088
Laholm,2030,prognos,Inrikes flyttnetto,108.25967390442383
Laholm,2030,prognos,Inrikes inflyttade,1296.2316950648128
Laholm,2030,prognos,Inrikes utflyttade,1187.972021160389
Laholm,2031,prognos,Inrikes flyttnetto,109.04592171182571
Laholm,2031,prognos,Inrikes inflyttade,1300.4409099645154
Laholm,2031,prognos,Inrikes utflyttade,1191.3949882526897
Laholm,2032,prognos,Inrikes flyttnetto,110.54629350248615
Laholm,2032,prognos,Inrikes inflyttade,1304.9881703182741
Laholm,2032,prognos,Inrikes utflyttade,1194.441876815788
Laholm,2033,prognos,Inrikes flyttnetto,112.33835114073509
Laholm,2033,prognos,Inrikes inflyttade,1309.7078895509253
Laholm,2033,prognos,Inrikes utflyttade,1197.3695384101902
Laholm,2034,prognos,Inrikes flyttnetto,113.90940338194355
Laholm,2034,prognos,Inrikes inflyttade,1314.1378821988162
Laholm,2034,prognos,Inrikes utflyttade,1200.2284788168727
Laholm,2035,prognos,Inrikes flyttnetto,115.59401087578976
Laholm,2035,prognos,Inrikes inflyttade,1318.2028112591356
Laholm,2035,prognos,Inrikes utflyttade,1202.6088003833459
Laholm,2036,prognos,Inrikes flyttnetto,117.35933766932408
Laholm,2036,prognos,Inrikes inflyttade,1321.8307298918753
Laholm,2036,prognos,Inrikes utflyttade,1204.4713922225512
Laholm,2037,prognos,Inrikes flyttnetto,119.35346675396681
Laholm,2037,prognos,Inrikes inflyttade,1325.0253809807643
Laholm,2037,prognos,Inrikes utflyttade,1205.6719142267975
Laholm,2038,prognos,Inrikes flyttnetto,121.55693005695639
Laholm,2038,prognos,Inrikes inflyttade,1327.7915565060762
Laholm,2038,prognos,Inrikes utflyttade,1206.2346264491198
Laholm,2039,prognos,Inrikes flyttnetto,124.28426211996293
Laholm,2039,prognos,Inrikes inflyttade,1330.1626726343495
Laholm,2039,prognos,Inrikes utflyttade,1205.8784105143866
Laholm,2040,prognos,Inrikes flyttnetto,127.3923497530327
Laholm,2040,prognos,Inrikes inflyttade,1332.1659501130498
Laholm,2040,prognos,Inrikes utflyttade,1204.773600360017
Varberg,2000,historisk,Inrikes flyttnetto,169
Varberg,2000,historisk,Inrikes inflyttade,1585
Varberg,2000,historisk,Inrikes utflyttade,1416
Varberg,2001,historisk,Inrikes flyttnetto,350
Varberg,2001,historisk,Inrikes inflyttade,1658
Varberg,2001,historisk,Inrikes utflyttade,1308
Varberg,2002,historisk,Inrikes flyttnetto,215
Varberg,2002,historisk,Inrikes inflyttade,1487
Varberg,2002,historisk,Inrikes utflyttade,1272
Varberg,2003,historisk,Inrikes flyttnetto,408
Varberg,2003,historisk,Inrikes inflyttade,1655
Varberg,2003,historisk,Inrikes utflyttade,1247
Varberg,2004,historisk,Inrikes flyttnetto,350
Varberg,2004,historisk,Inrikes inflyttade,1643
Varberg,2004,historisk,Inrikes utflyttade,1293
Varberg,2005,historisk,Inrikes flyttnetto,339
Varberg,2005,historisk,Inrikes inflyttade,1757
Varberg,2005,historisk,Inrikes utflyttade,1418
Varberg,2006,historisk,Inrikes flyttnetto,491
Varberg,2006,historisk,Inrikes inflyttade,1831
Varberg,2006,historisk,Inrikes utflyttade,1340
Varberg,2007,historisk,Inrikes flyttnetto,475
Varberg,2007,historisk,Inrikes inflyttade,1921
Varberg,2007,historisk,Inrikes utflyttade,1446
Varberg,2008,historisk,Inrikes flyttnetto,322
Varberg,2008,historisk,Inrikes inflyttade,1812
Varberg,2008,historisk,Inrikes utflyttade,1490
Varberg,2009,historisk,Inrikes flyttnetto,404
Varberg,2009,historisk,Inrikes inflyttade,1818
Varberg,2009,historisk,Inrikes utflyttade,1414
Varberg,2010,historisk,Inrikes flyttnetto,340
Varberg,2010,historisk,Inrikes inflyttade,1791
Varberg,2010,historisk,Inrikes utflyttade,1451
Varberg,2011,historisk,Inrikes flyttnetto,268
Varberg,2011,historisk,Inrikes inflyttade,1834
Varberg,2011,historisk,Inrikes utflyttade,1566
Varberg,2012,historisk,Inrikes flyttnetto,380
Varberg,2012,historisk,Inrikes inflyttade,1853
Varberg,2012,historisk,Inrikes utflyttade,1473
Varberg,2013,historisk,Inrikes flyttnetto,330
Varberg,2013,historisk,Inrikes inflyttade,1996
Varberg,2013,historisk,Inrikes utflyttade,1666
Varberg,2014,historisk,Inrikes flyttnetto,15
Varberg,2014,historisk,Inrikes inflyttade,1991
Varberg,2014,historisk,Inrikes utflyttade,1976
Varberg,2015,historisk,Inrikes flyttnetto,143
Varberg,2015,historisk,Inrikes inflyttade,1990
Varberg,2015,historisk,Inrikes utflyttade,1847
Varberg,2016,historisk,Inrikes flyttnetto,284
Varberg,2016,historisk,Inrikes inflyttade,2310
Varberg,2016,historisk,Inrikes utflyttade,2026
Varberg,2017,historisk,Inrikes flyttnetto,509
Varberg,2017,historisk,Inrikes inflyttade,2426
Varberg,2017,historisk,Inrikes utflyttade,1917
Varberg,2018,historisk,Inrikes flyttnetto,558
Varberg,2018,historisk,Inrikes inflyttade,2399
Varberg,2018,historisk,Inrikes utflyttade,1841
Varberg,2019,historisk,Inrikes flyttnetto,521
Varberg,2019,historisk,Inrikes inflyttade,2315
Varberg,2019,historisk,Inrikes utflyttade,1794
Varberg,2020,historisk,Inrikes flyttnetto,552
Varberg,2020,historisk,Inrikes inflyttade,2505
Varberg,2020,historisk,Inrikes utflyttade,1953
Varberg,2021,historisk,Inrikes flyttnetto,886
Varberg,2021,historisk,Inrikes inflyttade,2851
Varberg,2021,historisk,Inrikes utflyttade,1965
Varberg,2022,historisk,Inrikes flyttnetto,866
Varberg,2022,historisk,Inrikes inflyttade,2866
Varberg,2022,historisk,Inrikes utflyttade,2000
Varberg,2023,historisk,Inrikes flyttnetto,417
Varberg,2023,historisk,Inrikes inflyttade,2394
Varberg,2023,historisk,Inrikes utflyttade,1977
Varberg,2024,historisk,Inrikes flyttnetto,568
Varberg,2024,historisk,Inrikes inflyttade,2467
Varberg,2024,historisk,Inrikes utflyttade,1899
Varberg,2025,historisk,Inrikes flyttnetto,344
Varberg,2025,historisk,Inrikes inflyttade,2389
Varberg,2025,historisk,Inrikes utflyttade,2045
Varberg,2026,prognos,Inrikes flyttnetto,538.7861036666445
Varberg,2026,prognos,Inrikes inflyttade,2514.2035143581757
Varberg,2026,prognos,Inrikes utflyttade,1975.4174106915311
Varberg,2027,prognos,Inrikes flyttnetto,519.0310834702191
Varberg,2027,prognos,Inrikes inflyttade,2511.432117063284
Varberg,2027,prognos,Inrikes utflyttade,1992.4010335930648
Varberg,2028,prognos,Inrikes flyttnetto,499.6842706092698
Varberg,2028,prognos,Inrikes inflyttade,2509.153805138817
Varberg,2028,prognos,Inrikes utflyttade,2009.4695345295472
Varberg,2029,prognos,Inrikes flyttnetto,485.81027866056047
Varberg,2029,prognos,Inrikes inflyttade,2511.103042449362
Varberg,2029,prognos,Inrikes utflyttade,2025.2927637888015
Varberg,2030,prognos,Inrikes flyttnetto,478.3399267233963
Varberg,2030,prognos,Inrikes inflyttade,2519.6891260559732
Varberg,2030,prognos,Inrikes utflyttade,2041.349199332577
Varberg,2031,prognos,Inrikes flyttnetto,470.2998552014951
Varberg,2031,prognos,Inrikes inflyttade,2529.5013257484216
Varberg,2031,prognos,Inrikes utflyttade,2059.2014705469264
Varberg,2032,prognos,Inrikes flyttnetto,464.59076502532935
Varberg,2032,prognos,Inrikes inflyttade,2540.123944934213
Varberg,2032,prognos,Inrikes utflyttade,2075.5331799088835
Varberg,2033,prognos,Inrikes flyttnetto,461.06312549978657
Varberg,2033,prognos,Inrikes inflyttade,2551.1409514274897
Varberg,2033,prognos,Inrikes utflyttade,2090.077825927703
Varberg,2034,prognos,Inrikes flyttnetto,459.36376386780375
Varberg,2034,prognos,Inrikes inflyttade,2561.548749935315
Varberg,2034,prognos,Inrikes utflyttade,2102.184986067511
Varberg,2035,prognos,Inrikes flyttnetto,459.07302109176453
Varberg,2035,prognos,Inrikes inflyttade,2571.1183007008995
Varberg,2035,prognos,Inrikes utflyttade,2112.045279609135
Varberg,2036,prognos,Inrikes flyttnetto,459.5829506462187
Varberg,2036,prognos,Inrikes inflyttade,2579.6537399639838
Varberg,2036,prognos,Inrikes utflyttade,2120.070789317765
Varberg,2037,prognos,Inrikes flyttnetto,460.340892516092
Varberg,2037,prognos,Inrikes inflyttade,2587.123885224117
Varberg,2037,prognos,Inrikes utflyttade,2126.782992708025
Varberg,2038,prognos,Inrikes flyttnetto,461.337195152556
Varberg,2038,prognos,Inrikes inflyttade,2593.5336208791623
Varberg,2038,prognos,Inrikes utflyttade,2132.1964257266063
Varberg,2039,prognos,Inrikes flyttnetto,462.4401684266377
Varberg,2039,prognos,Inrikes inflyttade,2598.937793979277
Varberg,2039,prognos,Inrikes utflyttade,2136.4976255526394
Varberg,2040,prognos,Inrikes flyttnetto,463.6550208211247
Varberg,2040,prognos,Inrikes inflyttade,2603.3873726173665
Varberg,2040,prognos,Inrikes utflyttade,2139.732351796242
